"","month","sender","bank","n.terms","Achiev","Adverbs","Affect","Anger","Anx","Article","Assent","AuxVb","Body","Cause","Certain","Conj","Death","Discrep","Excl","Family","Feel","Filler","Friends","Future","Health","Hear","Home","Humans","I","Incl","Ingest","Inhib","Insight","Ipron","Leisure","Money","Motion","Negate","Negemo","Nonflu","Numbers","Past","Percept","Posemo","Prep","Present","Quant","Relig","Sad","See","Sexual","SheHe","Social","Space","Swear","Tentat","They","Time","We","Work","You"
"398",1,"B5167","B",21,0,5,6,7,7,9,0,1,1,0,8,2,8,7,5,6,8,2,5,3,5,9,9,3,6,2,6,5,6,8,2,0,6,3,4,7,9,3,5,7,4,6,5,9,9,9,9,2,8,2,4,2,0,8,5,2,5
"324",1,"L0845","L",21,5,1,6,2,0,9,5,5,4,1,2,2,1,3,7,5,1,3,8,7,1,6,2,7,5,6,0,7,3,6,5,1,9,0,4,6,2,2,9,4,3,4,3,6,7,6,3,4,8,5,2,8,8,2,6,5,2
"167",1,"B5523","B",28,2,9,7,2,6,3,4,9,1,8,1,6,3,6,1,3,7,4,3,4,5,8,1,3,7,2,7,4,8,8,8,0,8,6,7,2,5,2,7,2,2,4,9,6,5,0,0,1,0,3,4,4,9,2,4,1,9
"129",1,"B4406","B",45,5,6,0,3,3,9,1,1,9,2,3,8,3,5,6,4,1,7,9,8,9,3,0,7,0,3,4,9,6,3,3,1,3,4,3,0,7,7,3,2,4,4,9,2,0,2,3,8,1,1,7,6,9,5,1,1,9
"299",1,"L0132","L",44,6,7,5,1,0,5,9,8,8,4,8,9,5,5,4,2,8,5,9,4,9,7,3,5,3,4,7,3,2,1,3,5,4,0,5,4,7,0,5,1,8,8,4,2,4,3,6,2,0,6,7,0,8,0,1,6,3
"270",1,"B8936","B",15,6,0,5,9,6,7,5,4,9,0,7,2,1,7,3,9,2,2,6,9,1,1,6,0,3,6,9,9,4,9,0,5,2,2,5,6,6,2,7,7,7,8,0,1,8,9,7,2,7,9,6,8,8,4,3,2,0
"187",1,"B6195","B",33,2,7,7,0,0,8,0,4,4,2,8,1,7,2,6,1,0,5,7,4,1,2,4,5,1,9,3,9,4,0,3,0,1,2,6,4,4,2,8,6,2,6,3,6,9,0,5,8,4,4,5,5,4,0,6,9,4
"307",1,"L0310","L",47,8,4,0,7,9,4,6,6,7,4,8,0,3,7,6,7,2,0,1,2,0,6,0,5,8,6,8,9,5,4,5,3,2,2,7,2,8,7,4,8,2,6,9,6,9,4,9,7,3,4,0,7,6,8,0,6,2
"85",1,"B2742","B",30,1,6,0,9,3,0,0,4,1,2,5,5,8,2,0,0,0,4,1,3,2,3,3,7,9,4,8,3,4,2,4,2,2,8,4,2,0,8,7,6,7,0,2,1,5,7,5,6,6,8,6,4,1,7,5,9,7
"277",1,"B9157","B",10,2,8,9,1,9,3,2,1,4,2,8,3,9,3,5,1,8,0,9,7,6,4,3,9,5,2,3,5,9,0,7,9,4,6,4,2,8,3,9,8,5,1,3,6,3,0,1,4,9,4,9,3,9,9,2,6,6
"362",1,"L2187","L",37,8,6,8,1,0,7,3,3,6,9,9,7,7,6,0,7,7,3,2,1,6,1,9,9,0,6,0,0,5,7,6,0,6,4,2,4,5,0,3,6,9,0,5,9,5,8,7,1,8,3,7,5,5,9,9,9,9
"330",1,"L0982","L",7,6,5,4,4,3,7,2,6,4,5,7,8,0,4,2,2,6,6,6,3,5,9,0,5,8,0,3,6,2,5,2,8,4,6,1,3,3,5,9,5,3,7,3,7,7,9,8,9,3,2,4,9,0,1,8,8,0
"263",1,"B8594","B",22,3,4,7,6,8,5,4,2,9,9,7,2,1,0,2,6,4,6,4,1,8,3,5,3,8,3,9,0,1,6,1,9,6,7,2,2,1,0,4,8,0,0,5,8,0,3,2,1,0,6,3,5,8,5,7,9,8
"329",1,"L0935","L",40,4,7,0,1,7,4,1,4,3,4,2,8,1,7,1,3,9,4,8,3,6,4,5,7,0,0,9,1,7,9,4,6,7,4,6,5,0,7,3,0,4,8,6,4,2,1,3,6,7,7,8,4,4,1,1,9,6
"79",1,"B2532","B",0,0,5,4,2,7,8,9,4,3,8,5,4,0,5,3,8,1,9,5,2,8,3,7,5,4,1,9,9,9,2,5,7,6,5,8,6,4,8,4,1,7,6,8,0,4,1,4,4,8,4,4,7,7,5,3,0,8
"213",1,"B6946","B",2,6,0,6,9,3,2,4,6,5,0,0,8,8,8,3,2,7,8,0,9,3,7,8,1,7,4,8,1,0,7,7,4,4,5,9,0,5,6,2,6,8,8,2,5,9,3,3,0,9,9,2,9,6,0,8,1,7
"37",1,"B1306","B",13,0,9,1,0,2,4,4,2,7,3,0,6,2,9,2,9,5,3,1,2,7,8,7,7,1,8,9,7,5,5,7,5,2,2,0,0,7,3,4,2,8,4,3,7,8,3,2,6,8,5,4,4,0,8,1,7,8
"105",1,"B3481","B",4,0,5,7,6,0,7,7,3,4,9,3,6,8,0,8,3,1,2,3,9,0,2,9,7,1,0,9,6,6,0,2,7,0,8,4,6,9,6,8,5,3,7,4,2,8,9,3,3,4,3,7,0,3,5,3,1,6
"217",1,"B7096","B",32,7,1,0,2,1,4,5,4,8,0,3,1,2,3,2,2,1,6,3,0,3,9,4,8,2,2,5,1,0,7,2,8,2,3,3,0,5,4,1,7,7,4,4,5,5,8,9,1,0,2,9,8,3,7,1,6,1
"366",1,"B7179","B",27,0,0,9,7,8,5,1,4,8,3,3,4,3,0,1,2,6,2,4,7,0,8,3,8,4,5,4,5,1,6,9,3,5,3,6,7,6,2,9,3,5,2,6,3,5,9,9,0,4,7,4,0,7,9,0,8,1
"165",1,"B5471","B",28,6,2,7,2,4,6,7,0,1,7,3,4,0,3,2,6,1,9,6,8,7,0,7,5,3,0,7,2,5,2,3,1,4,5,3,0,0,3,0,4,8,1,9,0,7,1,7,8,8,8,4,4,8,8,3,3,0
"290",1,"B9692","B",37,7,1,0,6,7,4,2,3,2,3,9,3,3,9,7,8,6,8,0,7,5,8,9,9,1,6,2,6,2,8,2,5,3,9,6,5,9,7,7,8,3,1,5,0,6,5,8,1,3,6,8,6,0,7,6,5,1
"396",1,"B4387","B",1,2,1,6,9,0,7,0,2,2,7,4,4,2,7,0,0,1,7,9,9,8,3,4,5,5,6,9,0,7,7,4,4,8,8,4,8,7,3,2,5,6,2,7,9,3,1,9,7,2,9,8,7,6,4,3,0,2
"382",1,"B7739","B",43,9,3,3,1,1,3,3,4,0,0,1,2,3,2,2,0,8,8,4,9,6,3,2,5,2,0,2,0,2,7,9,2,4,2,8,9,6,9,5,7,2,7,4,3,0,7,5,9,3,5,4,6,7,4,2,2,8
"89",1,"B2786","B",1,2,8,5,5,9,1,8,4,2,7,3,4,2,7,6,6,0,6,6,0,9,2,4,8,0,3,1,3,5,7,2,0,2,4,4,9,5,4,0,7,4,2,0,0,0,4,9,1,0,7,4,5,0,5,1,8,6
"289",1,"B9624","B",10,9,9,4,7,9,4,6,5,6,0,0,6,2,3,6,3,8,9,4,2,0,9,9,8,4,4,9,2,7,5,5,7,5,4,2,1,1,3,3,8,9,6,3,9,6,0,7,4,1,8,4,1,5,7,2,3,7
"340",1,"L1355","L",44,3,1,9,3,3,1,3,6,3,7,2,0,1,3,3,0,3,6,7,6,6,2,9,7,9,1,9,1,2,8,0,4,0,2,9,2,0,3,3,0,7,9,0,0,7,4,7,4,9,0,6,7,4,1,4,8,7
"326",1,"L0879","L",6,9,2,9,2,6,4,5,9,6,2,4,1,5,2,2,3,4,5,3,7,2,8,5,6,9,3,9,4,2,4,3,5,3,3,5,8,8,2,2,2,7,1,4,3,7,4,2,9,6,6,5,3,7,6,5,3,6
"395",1,"B3887","B",9,1,2,8,6,4,0,4,4,9,7,2,8,9,0,3,8,1,3,2,7,1,0,8,4,2,0,6,2,7,1,8,8,1,2,3,1,8,3,0,0,9,3,9,2,0,8,4,5,6,4,6,7,6,1,4,9,8
"42",1,"B1404","B",6,4,4,4,8,8,3,8,8,7,4,2,3,6,5,0,2,9,2,6,0,8,0,9,7,8,9,7,3,9,7,0,7,1,4,3,8,2,0,0,9,3,6,2,9,4,5,3,9,4,7,2,4,7,7,8,3,3
"111",1,"B3763","B",13,9,3,9,2,8,6,5,5,1,8,6,2,1,2,9,6,8,7,1,2,7,4,1,4,9,9,3,8,1,3,7,3,8,7,3,0,3,7,0,2,6,7,6,6,2,2,1,2,5,9,1,7,1,7,8,6,6
"20",1,"B0786","B",49,3,1,5,4,7,6,1,3,5,5,3,6,9,6,7,3,5,8,8,3,0,4,4,7,1,0,2,9,3,2,3,6,0,1,5,1,7,0,7,0,6,0,5,1,9,4,0,0,6,8,4,3,3,5,3,7,3
"44",1,"B1457","B",3,9,8,1,0,1,6,8,2,1,8,2,9,9,4,8,4,8,6,0,1,6,1,3,9,6,8,5,2,9,1,1,5,4,2,0,4,4,4,8,7,5,7,5,9,9,5,1,7,1,6,1,1,1,0,6,2,7
"343",1,"L1481","L",38,7,7,7,2,3,7,6,7,4,7,7,8,3,9,6,5,8,9,8,3,9,4,2,9,0,3,7,6,7,2,7,4,0,1,5,4,9,5,3,6,3,8,6,6,2,1,9,2,9,0,2,0,1,3,7,5,2
"70",1,"B2299","B",5,4,6,0,3,6,9,0,2,1,2,6,2,5,7,4,3,5,9,1,2,0,0,5,7,4,6,2,3,5,1,6,6,3,5,3,1,8,7,2,7,6,2,2,6,3,5,5,2,8,8,3,8,6,2,8,0,0
"121",1,"B4106","B",29,9,1,9,2,2,9,1,6,0,5,3,0,7,1,7,8,0,0,9,5,3,5,5,1,3,7,5,6,3,3,8,7,0,1,5,3,1,8,8,0,7,4,5,5,7,1,5,0,1,9,3,5,0,3,3,9,8
"40",1,"B1389","B",25,1,9,3,5,2,7,5,6,1,8,1,1,4,9,0,7,2,3,3,4,2,3,7,7,4,5,3,6,0,2,5,1,1,4,4,1,0,1,5,1,8,7,7,6,1,6,3,8,4,8,4,0,6,3,5,3,0
"172",1,"B5749","B",15,6,7,2,6,2,9,2,1,3,1,6,2,3,0,0,8,6,9,0,3,4,1,4,2,6,8,2,9,0,5,2,6,7,8,8,1,3,7,5,3,1,5,0,8,5,8,9,9,1,0,1,3,8,9,2,8,0
"25",1,"B0899","B",14,9,4,6,3,4,0,9,7,4,8,5,5,2,9,5,1,2,5,9,7,0,1,9,9,7,5,1,5,4,9,2,0,9,6,2,1,6,7,2,0,6,0,4,9,6,9,4,0,9,4,5,4,5,6,8,5,2
"248",1,"B7983","B",2,1,9,8,3,1,4,6,8,8,7,0,3,9,5,0,4,7,4,8,6,9,3,9,9,7,8,4,6,3,8,2,0,9,2,8,9,4,6,5,2,6,9,0,3,5,6,7,9,9,5,8,6,8,7,1,4,3
"198",1,"B6539","B",4,3,5,9,0,6,7,5,4,4,7,0,0,2,5,3,5,4,9,0,4,7,2,8,8,9,3,2,2,8,1,9,1,6,3,5,8,7,6,4,8,1,9,6,4,8,6,0,9,4,0,2,3,6,2,9,3,9
"39",1,"B1371","B",10,4,5,9,3,3,7,9,5,9,2,6,7,7,7,3,5,9,6,7,8,6,6,8,6,7,7,7,6,8,5,4,7,4,6,6,4,5,1,0,0,7,3,5,0,7,8,3,9,2,3,2,6,9,0,1,9,5
"298",1,"L0125","L",12,5,9,9,8,6,1,5,2,2,2,1,1,4,3,6,1,3,8,2,1,6,0,9,1,3,1,2,9,9,7,4,4,2,6,1,0,1,1,7,4,9,2,1,0,0,8,0,1,9,7,3,2,3,9,4,5,1
"280",1,"B9258","B",13,4,5,5,7,1,5,7,5,8,4,6,5,6,7,1,4,5,9,0,0,2,7,7,9,0,2,5,4,0,1,4,8,0,0,2,3,0,4,7,7,2,0,9,9,6,4,9,3,1,0,7,6,0,4,6,0,8
"160",1,"B5436","B",15,7,3,2,9,6,4,3,5,5,8,9,1,4,4,9,0,3,6,9,0,7,3,9,4,4,6,3,1,1,2,6,2,7,3,5,5,5,6,4,0,3,3,1,4,0,1,6,9,4,0,1,2,8,1,7,1,9
"14",1,"B0578","B",18,2,4,7,3,0,9,6,9,7,8,6,2,2,7,2,8,4,9,2,4,8,0,7,8,1,3,8,1,8,1,8,7,0,5,2,9,3,7,7,9,3,3,5,1,7,2,8,8,3,3,2,2,7,5,6,7,3
"130",1,"B4427","B",29,4,5,7,9,3,3,9,8,3,6,7,5,5,4,8,0,4,8,8,8,9,9,9,2,7,9,6,9,1,0,4,8,1,4,1,2,3,6,6,6,2,9,5,2,6,8,6,1,0,7,9,8,7,1,9,6,5
"45",1,"B1514","B",24,0,0,2,4,8,7,7,2,4,6,9,8,9,8,3,4,9,8,0,1,8,0,8,8,6,2,2,1,3,0,9,5,1,9,5,5,6,2,7,2,5,3,7,4,1,1,5,9,4,1,9,2,9,1,1,7,9
"22",1,"B0875","B",48,6,4,2,3,8,7,9,7,3,1,1,1,0,2,8,2,2,3,1,0,2,1,3,8,0,6,4,7,3,9,3,8,1,3,2,7,4,2,1,8,8,5,3,5,7,0,1,9,6,1,4,9,7,6,8,9,1
"206",1,"B6774","B",42,4,8,6,1,1,0,3,8,2,7,2,1,2,4,4,0,8,8,6,0,9,2,1,3,5,3,2,1,6,0,8,4,9,9,1,7,8,5,9,9,2,7,3,6,0,5,2,7,6,5,6,0,7,6,2,0,9
"230",1,"B7517","B",16,9,9,5,3,7,4,6,7,7,7,2,9,1,7,1,3,0,1,4,9,1,8,0,4,5,9,8,4,8,5,8,4,4,1,3,0,9,3,5,7,4,4,4,6,9,4,5,4,5,4,0,7,0,2,3,1,4
"193",1,"B6348","B",35,3,2,1,5,9,6,8,7,7,7,3,3,7,4,6,2,8,1,0,1,9,1,8,2,5,4,2,1,3,8,2,9,9,4,5,9,1,8,5,9,7,1,0,8,1,5,9,6,3,0,6,4,1,0,4,7,5
"104",1,"B3447","B",47,6,4,9,5,8,1,1,4,8,6,3,4,3,2,6,0,3,7,2,9,1,1,0,6,8,6,8,4,7,9,0,5,9,2,9,3,1,9,5,5,0,6,3,9,3,8,7,7,1,8,6,6,8,7,7,2,4
"379",1,"B5506","B",13,5,4,5,9,8,9,6,9,2,7,7,1,0,0,0,7,4,4,2,0,3,6,4,1,9,6,2,1,0,2,4,9,2,4,4,7,3,6,9,1,8,6,2,9,7,3,5,8,8,4,3,5,5,6,6,3,0
"255",1,"B8210","B",10,3,2,5,3,0,6,6,8,8,8,3,9,5,8,3,5,1,5,5,0,2,1,0,5,3,0,9,6,6,2,8,3,6,6,7,2,4,5,6,3,2,0,4,0,3,9,7,1,6,9,9,4,6,8,7,6,0
"353",1,"L1746","L",36,3,8,8,2,4,8,8,2,0,3,3,5,4,4,7,5,9,5,7,3,1,9,9,6,3,3,4,1,1,1,5,8,1,8,6,6,0,2,1,9,5,0,0,0,6,9,9,0,2,5,2,2,2,0,4,2,4
"354",1,"L1781","L",48,7,9,9,6,5,6,4,5,7,1,8,5,4,6,5,0,6,3,0,7,9,6,7,0,8,8,3,7,7,6,2,7,3,4,1,6,0,0,8,0,3,4,7,3,9,3,2,5,1,5,7,6,8,8,2,0,8
"103",1,"B3333","B",44,1,3,6,4,6,0,3,1,8,8,8,4,5,4,1,0,4,3,9,5,5,1,9,3,2,7,7,8,7,8,5,4,8,7,9,9,0,2,7,0,1,8,7,6,2,0,3,7,6,5,8,8,4,4,4,2,6
"331",1,"L1005","L",2,2,4,8,6,9,1,6,9,6,4,7,9,5,2,1,1,3,1,4,4,9,6,8,8,4,1,0,8,1,2,7,1,4,7,7,8,6,6,5,5,8,0,0,9,6,3,6,5,6,4,9,7,7,1,9,4,6
"13",1,"B0518","B",48,8,6,6,3,1,2,2,7,1,8,0,5,7,6,4,5,4,3,1,9,8,6,6,8,1,2,2,8,9,0,5,2,0,0,1,3,7,2,9,1,0,3,4,4,9,9,2,4,7,0,2,2,9,5,8,5,8
"296",1,"L0080","L",47,4,5,1,0,6,0,2,4,1,7,6,4,6,3,0,4,0,6,8,3,7,1,8,2,2,4,0,3,1,0,4,8,3,3,9,0,8,5,8,6,4,0,5,1,6,3,9,5,1,0,2,9,7,6,1,3,9
"388",1,"B0544","B",20,7,1,7,5,5,2,0,8,7,3,9,4,5,5,7,5,0,2,0,7,8,0,5,6,3,5,5,3,2,3,6,7,5,2,7,6,9,8,4,8,3,8,9,0,9,4,4,2,4,0,4,6,8,0,6,0,6
"176",1,"B5807","B",16,3,6,2,2,6,8,5,5,9,1,2,1,2,1,7,3,6,7,0,5,0,8,6,6,7,9,1,9,6,4,7,4,7,6,6,3,9,6,8,0,7,0,9,8,9,8,9,8,4,9,0,2,3,9,5,1,7
"279",1,"B9252","B",5,7,3,0,1,2,6,7,9,7,8,1,4,0,6,7,3,5,9,6,0,7,6,1,6,9,7,6,9,1,6,7,1,1,1,3,6,0,3,3,3,5,1,5,1,2,9,6,1,1,2,7,4,9,5,1,8,1
"110",1,"B3753","B",31,0,7,1,2,5,5,0,1,2,6,9,5,9,8,0,8,9,2,3,5,4,5,2,5,1,1,5,9,8,2,9,9,8,4,0,6,4,8,0,5,0,4,3,2,1,4,8,4,2,7,0,8,3,4,5,9,6
"84",1,"B2708","B",26,5,5,2,9,3,3,6,7,1,6,9,1,9,5,3,0,8,2,4,9,7,1,7,0,9,7,8,8,1,6,2,1,9,7,1,4,5,7,1,2,8,2,4,6,2,3,3,5,0,0,5,2,8,9,0,0,8
"29",1,"B1115","B",15,1,3,0,5,0,8,1,5,5,7,1,7,3,6,1,3,1,5,0,8,3,8,5,9,5,3,4,5,7,2,1,2,9,8,1,2,2,0,8,3,0,8,2,8,6,4,0,5,9,6,4,6,6,2,7,6,9
"141",1,"B4674","B",11,6,5,6,5,7,1,3,2,2,1,2,7,0,7,1,1,5,3,0,2,3,8,7,5,2,7,8,5,0,0,6,3,3,8,2,8,3,8,6,3,6,5,2,2,2,3,6,5,3,9,5,5,1,0,5,6,2
"252",1,"B8161","B",3,7,1,1,0,5,3,7,2,3,7,8,6,9,2,6,7,3,3,0,6,0,7,5,3,7,0,7,6,2,7,2,9,6,1,5,0,2,4,3,5,8,1,4,2,6,3,8,9,5,7,6,5,4,5,3,1,0
"221",1,"B7194","B",39,9,8,4,3,1,8,4,0,0,3,7,6,1,4,1,0,4,4,8,0,6,2,1,6,7,5,9,2,6,7,8,5,4,1,4,5,2,1,0,7,4,1,3,6,9,4,8,2,2,3,3,7,0,4,0,1,9
"108",1,"B3599","B",9,1,8,4,2,8,1,8,5,5,4,7,7,8,7,2,4,4,5,6,6,6,7,6,2,3,0,8,4,1,0,9,4,7,0,5,2,1,2,1,5,0,1,7,0,2,2,4,1,1,7,3,7,6,7,9,5,7
"304",1,"L0242","L",29,1,0,6,1,4,3,0,1,0,5,9,3,1,2,5,4,0,9,1,4,3,7,7,0,2,9,8,2,4,0,8,0,1,8,2,1,0,9,9,7,0,1,4,0,9,5,5,3,7,6,2,3,0,9,2,3,0
"33",1,"B1199","B",2,3,3,5,9,9,9,4,9,0,5,0,3,2,9,6,8,9,5,5,4,6,7,6,1,7,7,5,4,0,6,6,6,8,9,6,9,8,3,7,2,6,3,2,2,9,0,6,8,8,7,6,8,5,8,5,0,3
"359",1,"L1989","L",26,9,7,6,0,8,9,2,0,0,6,9,4,4,6,6,2,1,7,2,9,4,2,0,1,3,9,8,7,2,1,5,1,4,7,9,0,7,7,1,3,0,7,9,6,5,1,4,5,3,6,0,4,5,4,6,1,6
"149",1,"B5089","B",33,4,4,9,5,0,2,3,9,4,2,0,0,8,5,8,6,3,6,6,7,0,8,3,7,9,7,6,5,1,2,4,8,6,7,8,4,2,9,7,4,4,8,3,9,8,5,0,4,6,2,1,4,3,0,0,9,3
"287",1,"B9586","B",41,8,2,6,7,3,3,8,1,9,5,2,2,5,8,9,1,7,7,1,2,2,1,3,1,7,4,6,1,8,6,4,3,9,7,5,7,4,2,1,3,0,1,0,3,8,4,5,3,5,6,4,0,7,4,5,3,2
"102",1,"B3325","B",4,9,4,0,5,8,7,9,3,1,5,1,2,7,4,3,7,8,2,1,7,1,8,7,7,7,0,7,5,0,5,9,1,5,9,3,6,6,1,1,3,5,8,7,8,6,9,1,5,1,3,5,6,1,8,8,0,5
"145",1,"B4921","B",16,0,1,4,0,5,2,2,0,1,7,5,2,5,7,6,6,7,2,8,2,4,1,7,4,1,9,2,7,4,5,5,2,7,6,0,3,3,2,8,5,9,7,5,7,9,6,3,4,6,5,7,5,7,0,5,8,3
"118",1,"B4089","B",28,8,4,9,1,5,3,2,6,5,1,9,8,3,7,2,8,6,1,9,8,3,4,2,1,0,0,5,7,6,7,2,2,2,1,3,0,3,7,6,9,6,0,8,4,5,5,0,4,4,1,5,4,5,9,2,6,0
"335",1,"L1273","L",30,7,0,7,1,2,4,5,2,8,8,6,8,1,3,1,8,9,9,0,8,4,0,0,7,1,8,8,9,0,2,7,1,6,0,9,1,4,3,5,0,1,4,8,3,1,5,6,9,7,7,7,9,9,8,9,4,4
"107",1,"B3590","B",15,9,3,0,4,5,3,9,8,3,3,4,1,6,9,6,2,8,3,0,2,1,9,7,4,5,9,8,6,7,4,2,2,8,6,0,1,1,4,0,3,2,0,2,0,6,2,9,1,9,8,4,2,6,1,2,4,5
"64",1,"B2009","B",44,6,8,0,4,2,5,1,0,7,9,4,2,1,5,1,5,5,5,0,2,4,0,3,1,9,1,6,4,6,6,0,4,8,1,2,0,4,3,1,6,7,0,3,6,7,2,7,9,6,3,9,0,5,8,8,6,8
"224",1,"B7202","B",37,0,3,9,7,1,6,9,0,4,0,5,4,2,4,7,4,1,8,7,1,5,0,0,5,2,3,7,7,4,3,4,6,0,8,4,6,1,1,0,4,5,5,2,5,5,8,8,5,3,6,7,8,5,8,9,5,5
"349",1,"L1640","L",8,9,2,8,3,0,4,2,8,8,4,0,2,0,0,9,3,2,3,8,6,0,8,1,4,4,6,1,0,7,5,7,5,6,1,9,1,6,3,7,7,9,8,5,5,7,6,3,1,3,0,7,5,7,9,6,6,6
"316",1,"L0565","L",31,8,8,9,5,1,1,1,1,6,4,5,3,7,6,5,5,3,4,2,3,7,8,4,3,3,7,3,3,6,4,3,8,3,5,1,2,9,9,5,8,1,3,6,8,2,4,3,1,5,9,9,3,1,6,7,9,9
"51",1,"B1717","B",28,8,7,8,3,8,4,3,1,0,0,0,6,1,1,9,1,7,9,6,1,8,6,4,1,3,7,2,9,0,5,2,5,0,7,9,0,6,8,0,8,7,3,8,7,5,3,6,2,7,5,6,8,0,6,1,0,8
"337",1,"L1309","L",14,0,4,8,1,5,5,9,1,3,4,8,3,5,1,0,2,0,8,5,9,5,2,3,0,6,3,5,8,2,9,5,0,5,8,4,2,7,6,6,5,6,0,3,2,2,9,1,9,1,3,8,7,3,6,5,6,2
"385",1,"B8321","B",24,0,7,9,6,2,8,2,1,4,9,4,6,7,4,7,2,5,0,1,9,7,2,5,7,6,5,9,6,1,6,6,4,5,1,2,7,0,8,2,4,4,9,7,2,3,3,9,3,6,0,4,1,6,1,2,4,7
"138",1,"B4509","B",0,2,2,1,9,9,4,2,8,6,0,8,2,5,4,2,8,1,3,3,6,8,9,5,5,3,2,1,9,6,9,2,4,7,1,6,8,8,6,7,9,3,9,0,8,2,6,9,2,2,7,0,7,4,0,4,7,0
"403",1,"B8091","B",4,4,8,7,1,8,7,1,6,4,7,5,9,3,1,4,6,2,5,0,3,8,6,2,4,7,1,7,1,5,5,8,3,4,2,5,9,7,9,0,2,5,7,8,4,6,6,5,0,1,5,8,7,4,8,8,9,3
"402",1,"B7542","B",44,8,5,1,3,3,4,5,6,8,0,1,0,8,4,2,1,3,9,2,6,0,8,6,0,2,1,3,5,4,6,7,2,4,5,4,7,6,0,1,2,3,8,1,9,7,9,4,4,7,3,0,4,0,8,1,2,7
"282",1,"B9328","B",19,2,5,7,8,0,2,5,3,4,7,1,5,1,9,8,5,5,3,5,0,7,8,7,5,6,8,8,6,4,9,3,3,4,2,9,6,7,2,2,0,7,6,7,2,9,5,0,6,5,6,5,9,2,3,0,9,9
"143",1,"B4852","B",20,9,1,1,4,3,8,2,4,7,9,9,1,6,8,8,5,0,0,2,9,3,9,9,4,0,9,1,6,3,9,1,4,0,7,4,8,9,2,4,3,1,6,5,2,2,3,9,8,7,3,0,8,5,2,7,2,0
"285",1,"B9502","B",27,4,4,2,1,2,4,2,7,6,8,5,6,8,9,4,8,7,6,9,8,1,0,2,8,3,9,4,0,4,9,3,5,3,5,3,5,9,3,6,2,7,4,9,4,6,0,9,8,9,8,0,2,3,2,5,6,6
"170",1,"B5588","B",4,3,9,7,6,8,6,5,4,5,9,5,5,0,9,3,3,6,4,6,7,6,8,0,4,2,6,0,6,8,0,9,5,3,8,2,1,0,5,0,3,2,2,1,2,9,4,1,6,6,5,0,9,4,1,3,3,0
"48",1,"B1588","B",5,7,0,7,4,2,2,9,8,4,2,2,4,9,6,6,8,6,1,8,4,7,6,4,8,3,3,2,4,6,9,1,2,8,8,3,1,6,8,5,8,3,7,7,8,4,3,6,1,8,1,3,5,4,2,4,0,3
"204",1,"B6682","B",8,3,1,2,9,5,8,1,6,4,8,6,8,9,5,6,9,6,2,2,8,5,4,5,7,1,5,0,9,4,6,0,6,4,2,4,3,0,1,0,2,6,7,6,3,1,2,1,8,9,6,6,2,1,1,7,9,8
"295",1,"L0039","L",31,3,0,7,8,6,9,4,0,1,1,3,1,1,7,8,1,5,5,0,8,8,5,1,2,5,9,2,5,0,8,9,8,3,3,0,5,9,2,3,1,7,6,6,2,6,7,9,4,9,9,0,5,9,1,4,2,6
"24",1,"B0886","B",37,8,6,3,2,7,0,8,7,1,3,7,2,2,3,6,1,2,6,0,4,5,4,2,9,0,5,6,4,9,6,4,3,2,1,5,0,7,1,4,0,6,7,3,1,1,1,0,9,5,0,1,5,2,0,1,4,8
"181",1,"B5976","B",44,4,2,7,7,6,8,3,2,9,7,7,6,5,3,5,9,8,3,4,6,1,4,8,4,9,7,5,8,3,4,6,0,8,6,0,8,5,2,2,0,6,9,1,3,2,0,6,0,4,3,4,5,7,1,8,6,7
"214",1,"B6963","B",21,4,6,0,5,7,4,1,0,0,6,5,3,5,0,9,2,6,2,7,6,0,8,7,7,1,8,1,0,3,8,3,5,9,4,6,5,3,1,8,5,9,2,1,1,4,3,6,8,7,1,5,4,5,8,5,4,8
"346",1,"L1568","L",36,7,4,6,0,2,8,5,1,4,0,6,1,5,7,9,7,9,2,1,9,6,4,1,2,0,6,8,0,8,6,7,0,8,9,6,7,0,3,3,2,2,8,2,0,4,9,2,3,0,6,9,6,6,3,4,5,5
"225",1,"B7329","B",7,4,1,1,4,2,9,7,5,1,2,9,6,4,9,5,0,5,7,2,4,4,9,5,3,6,2,1,0,3,2,4,2,7,3,6,2,7,7,2,6,6,6,1,4,9,7,0,8,3,3,1,8,0,2,5,3,1
"163",1,"B5461","B",10,1,6,6,2,4,6,1,2,6,1,9,5,5,7,6,3,1,7,6,3,7,9,1,4,1,5,0,5,9,8,1,1,6,9,0,9,4,4,8,5,4,3,8,3,3,7,6,7,9,8,7,9,3,7,6,5,3
"43",1,"B1455","B",48,0,2,9,4,4,2,4,4,6,0,1,9,1,8,8,8,8,5,7,1,1,4,9,3,2,3,9,9,1,8,5,3,9,7,3,5,6,8,9,5,7,0,2,4,4,7,3,4,0,0,8,4,1,4,0,6,7
"1",1,"B0004","B",13,0,1,9,2,1,0,2,2,7,9,9,6,2,5,2,4,4,9,0,2,5,0,4,1,5,3,5,5,8,1,5,8,3,5,0,8,9,2,7,5,9,6,8,8,6,5,6,7,0,6,7,6,5,2,2,4,8
"380",1,"B7199","B",47,2,7,7,7,1,7,2,2,0,8,8,9,8,4,9,9,2,2,7,1,4,2,8,9,0,6,9,1,9,8,5,0,6,3,5,9,0,0,3,7,6,6,8,6,9,4,3,8,2,4,8,5,1,9,6,4,9
"78",1,"B2499","B",40,8,7,9,1,5,3,1,0,8,5,1,7,8,4,4,5,6,0,5,8,1,4,6,0,9,3,0,4,4,9,5,3,5,1,5,3,2,5,8,8,5,5,8,1,2,6,3,7,4,1,9,1,3,4,7,1,5
"284",1,"B9490","B",32,7,5,6,0,5,2,2,4,3,2,9,9,7,7,6,4,7,5,6,1,6,1,0,8,5,7,3,7,1,0,6,5,6,1,8,1,6,5,1,2,2,4,8,7,3,5,7,0,9,2,4,5,0,9,1,9,8
"116",1,"B4027","B",23,4,4,7,4,8,8,9,9,9,7,2,2,4,7,6,8,8,9,3,7,3,0,7,4,9,5,2,3,0,1,3,8,8,6,4,6,5,3,6,6,1,0,7,1,3,9,3,5,5,9,2,9,7,1,3,4,8
"233",1,"B7683","B",26,2,0,1,6,6,0,5,7,2,0,4,7,8,8,1,8,4,1,2,0,7,2,2,8,9,1,5,1,8,1,9,8,7,8,8,6,4,8,1,5,3,7,9,2,8,2,7,7,8,5,5,3,6,3,3,2,0
"293",1,"B9726","B",16,6,7,6,5,0,9,2,4,9,5,5,6,0,5,2,0,7,6,6,1,2,9,1,1,7,0,2,8,1,1,4,6,7,2,6,9,2,1,1,4,8,8,5,0,0,1,0,4,3,3,1,8,3,1,8,9,0
"61",1,"B1921","B",17,3,1,9,4,4,7,9,6,4,8,2,0,4,9,4,0,6,0,4,3,7,0,0,7,6,0,9,8,9,8,1,4,6,9,6,1,7,1,5,5,3,1,1,4,1,7,6,2,0,6,8,6,8,2,6,6,0
"86",1,"B2754","B",1,4,1,0,2,1,6,1,7,8,4,9,0,9,7,6,7,4,3,8,8,9,6,6,3,7,7,1,8,9,6,0,2,2,0,1,7,5,1,3,8,2,2,6,3,5,3,0,9,3,7,1,9,8,9,3,1,4
"342",1,"L1431","L",40,9,2,3,7,8,5,0,4,0,4,1,5,0,2,9,4,3,5,2,4,7,1,7,1,4,6,4,1,9,5,8,7,7,9,0,4,6,8,2,8,3,6,9,2,7,9,4,5,1,7,9,5,8,5,3,9,5
"49",1,"B1653","B",39,1,7,8,4,0,0,8,2,9,6,4,1,6,3,8,0,2,9,0,4,2,7,2,4,4,1,7,6,3,0,5,9,8,8,1,3,0,7,4,2,8,3,0,4,1,0,1,5,0,2,3,7,5,3,0,5,9
"242",1,"B7812","B",38,2,6,2,9,7,6,1,8,8,4,5,3,8,7,1,6,0,9,1,2,9,3,6,9,3,0,7,0,9,9,9,3,9,3,2,6,9,1,0,2,8,2,2,9,8,5,0,5,2,8,9,3,6,6,9,9,6
"246",1,"B7854","B",10,2,8,2,7,7,3,3,4,6,5,5,1,0,2,8,4,7,4,7,0,8,8,7,0,6,5,7,7,8,3,0,9,3,4,2,0,5,4,1,1,2,8,5,8,2,1,5,9,7,8,1,7,1,6,2,7,8
"247",1,"B7977","B",28,7,7,4,3,9,0,5,7,8,7,6,9,8,0,3,2,9,0,1,3,0,5,5,1,0,9,8,2,4,3,0,9,3,9,3,3,3,4,5,9,2,0,9,4,1,1,6,7,2,9,9,4,8,7,3,8,5
"239",1,"B7769","B",21,8,9,1,6,7,5,4,7,5,4,1,6,0,4,2,7,3,4,6,1,3,5,3,7,0,8,1,5,0,1,5,2,6,6,3,9,9,4,7,4,9,1,1,3,7,5,4,7,3,1,7,4,5,9,0,0,1
"219",1,"B7149","B",10,0,7,2,5,5,4,0,2,3,0,2,1,3,4,3,7,4,7,0,8,0,8,4,2,0,5,5,0,4,8,1,0,6,8,0,9,2,7,4,7,2,5,7,2,3,1,1,4,4,0,1,7,1,3,9,5,8
"135",1,"B4469","B",22,1,4,6,4,9,0,9,7,9,1,0,1,0,2,6,9,0,1,7,8,6,3,6,1,8,0,2,4,4,4,6,1,3,2,8,7,9,5,3,8,4,9,4,6,6,6,0,7,9,4,8,4,9,3,7,2,0
"376",1,"B3591","B",4,0,2,5,5,2,3,1,9,7,8,9,9,7,0,5,9,4,6,5,0,0,1,6,0,8,3,0,8,4,3,3,3,3,9,3,1,2,5,6,6,7,0,2,3,5,1,6,3,3,9,3,1,7,3,0,6,8
"375",1,"B3309","B",39,2,1,5,5,7,7,7,0,3,0,5,3,1,8,2,5,0,7,8,4,7,9,6,2,0,2,5,2,3,4,7,8,9,7,9,1,4,8,5,3,2,6,3,8,5,8,3,0,4,2,4,6,1,5,1,7,1
"321",1,"L0730","L",37,4,4,4,3,2,3,6,5,4,7,4,4,6,3,6,6,9,8,0,3,3,4,2,4,6,3,1,0,2,1,9,6,3,9,5,8,4,0,7,0,0,4,3,9,4,6,4,3,8,4,3,4,1,3,0,1,3
"53",1,"B1776","B",32,8,0,6,6,8,3,1,4,2,2,4,8,3,7,0,6,3,3,1,7,6,5,4,1,3,1,5,9,6,2,5,4,8,8,8,6,9,4,2,5,2,8,3,3,4,3,0,3,3,4,8,5,9,2,9,9,6
"360",1,"L2125","L",27,4,2,7,4,2,6,3,0,7,5,4,5,1,2,9,1,3,0,1,1,6,6,9,3,8,7,3,4,2,8,7,9,6,5,8,2,1,4,5,8,3,1,0,5,4,7,7,8,7,4,8,6,6,9,1,9,2
"65",1,"B2102","B",16,0,5,1,3,8,1,7,2,4,7,0,1,2,3,2,5,7,6,6,9,0,9,9,5,3,2,0,1,3,5,8,4,5,6,5,7,2,6,1,1,9,9,8,0,0,5,4,6,9,7,6,3,3,7,5,0,0
"389",1,"B1561","B",35,3,5,4,3,1,2,2,5,7,2,6,3,8,1,8,2,3,5,6,2,1,7,2,6,7,8,4,0,7,1,3,1,4,3,0,9,4,9,9,7,5,3,6,8,9,1,7,4,1,4,3,0,8,2,6,1,4
"124",1,"B4179","B",18,4,8,7,6,3,9,1,5,2,5,4,6,3,3,0,8,4,1,3,3,1,4,1,9,3,3,3,3,7,0,9,7,4,5,6,9,6,0,1,0,2,6,9,9,5,0,2,4,6,1,4,6,5,8,2,8,1
"77",1,"B2474","B",40,1,6,6,7,8,5,9,0,1,6,7,3,5,4,0,6,3,3,3,1,9,4,2,0,6,1,0,3,6,3,5,3,5,2,0,1,7,7,6,1,3,9,4,2,0,9,7,0,8,6,1,5,5,4,3,6,3
"218",1,"B7144","B",49,8,0,9,8,3,3,3,8,5,0,3,4,1,1,9,7,7,4,8,6,8,6,0,3,6,1,2,5,1,0,7,9,0,9,7,3,1,9,2,2,0,2,1,9,2,6,1,0,8,0,7,9,0,0,6,4,5
"98",1,"B3098","B",11,2,0,3,8,5,6,0,6,4,4,9,4,6,4,9,6,7,6,8,9,7,6,7,6,2,1,4,5,0,0,3,3,5,1,2,3,5,9,9,0,0,6,1,6,0,7,3,1,4,7,5,7,9,8,8,6,9
"194",1,"B6351","B",13,1,9,2,6,8,7,2,3,8,6,3,2,1,7,7,1,4,0,4,5,0,8,0,4,7,6,0,0,6,2,9,1,6,5,4,2,9,6,5,3,2,1,0,6,9,4,1,6,8,5,5,5,4,8,9,5,6
"19",1,"B0733","B",12,1,9,0,2,0,2,4,4,7,0,1,9,1,3,1,1,5,1,4,8,2,0,3,4,8,3,5,9,1,2,6,8,9,7,8,1,6,5,1,1,3,5,8,4,4,3,5,8,0,0,7,8,0,1,6,4,0
"31",1,"B1144","B",2,3,6,8,1,9,0,3,8,8,1,6,7,0,9,7,9,0,6,1,1,8,1,3,7,3,7,5,4,3,1,4,2,4,0,2,5,6,1,8,7,9,4,0,9,4,7,7,0,8,3,9,6,3,1,9,0,1
"174",1,"B5761","B",17,9,4,0,1,1,5,5,7,9,3,1,2,2,1,1,1,5,4,1,9,6,3,2,4,5,8,1,9,8,5,9,2,8,7,6,0,1,5,9,5,1,9,4,6,3,7,7,9,4,3,8,9,1,1,9,2,0
"237",1,"B7760","B",6,8,1,8,5,0,1,1,5,0,4,9,6,9,2,4,3,9,1,5,8,4,0,4,4,3,8,9,0,7,1,2,7,5,0,0,6,1,9,0,1,6,9,3,6,5,2,9,8,2,7,8,9,9,2,0,5,4
"75",1,"B2379","B",18,2,9,4,7,7,4,0,3,2,2,1,3,4,5,3,1,6,5,1,1,8,3,3,2,4,6,5,4,0,1,8,9,2,1,5,4,1,5,6,6,9,7,4,4,4,5,0,1,8,1,9,0,5,3,5,9,8
"16",1,"B0587","B",36,4,1,9,4,4,4,9,9,5,0,1,4,2,0,6,9,1,1,1,0,7,3,4,8,4,2,1,3,6,7,8,1,8,9,0,9,5,4,0,7,7,6,5,2,2,4,1,3,0,9,4,1,6,8,4,8,3
"370",1,"B0207","B",6,4,1,9,5,8,7,5,4,8,2,1,7,8,1,4,3,7,0,6,0,9,4,6,2,1,5,3,5,3,6,4,2,8,7,3,0,0,6,7,2,9,4,6,1,5,6,5,8,8,9,5,1,5,5,2,5,9
"265",1,"B8723","B",4,4,3,9,0,3,8,9,1,4,6,1,3,8,1,7,6,5,9,8,4,7,2,3,6,8,6,1,0,0,9,2,0,4,0,7,7,0,4,1,6,7,4,0,0,2,9,4,1,7,6,9,0,3,2,0,7,1
"92",1,"B2825","B",32,2,9,2,1,7,4,7,4,2,9,1,0,6,6,0,8,4,3,2,4,5,0,2,6,5,7,5,0,5,1,1,8,8,0,9,6,2,5,0,0,7,6,4,0,2,1,0,6,2,7,4,0,9,3,4,5,8
"122",1,"B4132","B",23,8,8,4,6,8,8,0,5,8,8,9,6,7,3,7,2,5,7,9,1,7,9,1,2,8,5,3,7,4,9,6,7,7,1,9,5,1,6,5,9,4,7,6,5,6,9,8,3,7,8,6,1,2,6,7,3,8
"152",1,"B5181","B",18,9,3,4,9,8,7,0,7,5,4,3,0,6,3,3,1,7,2,9,8,3,5,0,9,8,2,8,3,0,4,0,5,8,6,0,6,1,3,8,1,4,7,2,4,6,9,3,0,3,3,4,4,3,6,6,8,4
"318",1,"L0641","L",48,0,9,1,1,7,0,1,5,0,6,2,6,6,1,9,3,9,3,7,4,2,1,9,5,3,6,0,9,8,6,2,3,7,6,7,8,8,2,3,8,0,2,1,2,8,9,0,6,4,9,7,5,7,2,6,2,6
"207",1,"B6842","B",8,8,3,7,1,6,9,6,0,4,4,7,4,8,1,5,4,4,3,0,2,5,8,9,3,4,2,3,4,8,7,5,4,4,2,8,3,0,5,3,2,0,6,7,1,4,2,1,6,0,9,3,7,4,8,0,9,3
"67",1,"B2209","B",28,5,7,0,1,7,8,7,2,6,1,2,5,8,4,2,8,0,8,6,4,7,3,1,8,9,2,2,4,4,3,7,7,9,1,0,9,8,2,6,0,2,3,9,1,1,8,7,7,4,8,3,9,2,2,1,1,3
"249",1,"B8002","B",25,7,8,7,0,4,2,3,7,3,8,8,2,4,1,9,1,5,4,5,7,9,3,2,3,0,2,7,8,3,6,1,8,6,1,8,1,6,4,3,6,6,6,2,1,1,8,5,5,5,8,5,6,6,8,4,2,2
"384",1,"B7998","B",46,8,6,5,3,4,5,2,1,2,9,9,3,3,5,0,6,9,9,1,7,2,3,9,6,1,0,4,4,1,9,2,5,0,2,9,7,5,9,0,7,5,9,9,2,1,1,8,0,3,3,5,2,5,7,6,3,2
"229",1,"B7516","B",49,3,8,6,3,5,0,1,7,6,1,9,7,1,9,7,9,9,5,8,8,5,3,9,8,7,9,8,4,3,3,4,8,3,3,6,0,9,1,7,5,3,3,5,0,2,3,2,1,0,8,0,4,0,3,0,0,0
"404",1,"B8195","B",22,1,8,2,8,2,5,8,6,8,8,1,3,8,8,2,4,0,9,0,8,2,0,0,5,9,5,3,1,0,3,5,1,7,0,2,4,9,0,7,6,0,5,8,4,9,0,4,1,6,6,6,4,3,4,7,0,0
"223",1,"B7201","B",2,8,7,0,3,5,4,1,8,7,3,9,9,4,5,7,0,3,1,3,4,1,5,2,4,0,1,3,4,0,2,2,7,2,9,0,6,2,9,2,4,9,8,7,0,7,0,1,8,7,6,4,9,7,2,7,7,9
"386",1,"B9242","B",0,3,2,4,8,5,1,9,9,5,7,1,7,4,8,6,3,0,2,6,3,5,0,1,8,5,7,7,7,1,2,8,9,7,0,6,2,6,3,7,2,9,9,3,3,9,2,6,7,3,9,0,2,2,5,3,2,7
"320",1,"L0714","L",26,4,9,2,0,7,8,7,2,9,3,3,8,3,4,6,5,5,6,0,1,0,1,4,2,0,8,7,9,5,5,5,5,2,5,6,6,6,2,3,6,3,9,9,4,5,6,5,9,9,1,4,8,2,1,2,0,7
"140",1,"B4631","B",25,8,5,4,1,1,0,3,2,3,4,8,7,3,6,9,3,1,2,5,3,6,7,2,3,5,0,9,9,5,2,8,2,4,5,1,7,8,2,6,8,8,1,9,0,6,2,6,9,7,3,2,6,5,8,1,6,1
"126",1,"B4228","B",45,4,3,6,6,2,5,2,2,7,1,2,3,0,3,6,3,0,0,9,4,0,0,6,8,0,1,5,6,2,5,0,1,7,1,8,7,3,7,7,4,2,7,3,2,4,5,0,6,7,9,5,1,5,8,0,8,1
"361",1,"L2139","L",19,2,8,4,5,5,3,8,6,2,2,3,0,7,7,8,3,9,0,3,0,1,6,5,8,4,8,3,8,3,9,9,3,1,2,0,0,7,1,6,7,4,5,5,4,3,9,4,1,4,2,3,1,3,8,8,2,3
"356",1,"L1892","L",3,5,4,7,4,4,0,7,4,2,0,7,4,1,5,9,5,8,7,2,8,7,4,1,6,5,8,3,9,8,1,9,9,0,1,8,0,7,4,9,2,7,0,3,0,7,6,6,4,5,1,9,6,8,2,3,2,8
"297",1,"L0105","L",43,7,5,8,2,8,2,8,6,7,9,9,6,6,1,7,1,1,2,9,0,8,1,4,9,6,2,6,8,3,7,6,3,0,7,3,6,5,1,2,5,7,5,3,8,0,1,4,4,3,2,9,0,6,2,3,1,2
"267",1,"B8771","B",0,3,0,6,7,8,9,8,1,2,7,2,8,0,5,8,3,5,7,8,8,4,9,2,6,6,8,5,2,2,4,5,4,1,1,7,2,3,9,6,7,3,2,2,3,5,0,7,5,4,2,6,4,5,7,0,6,2
"15",1,"B0585","B",35,0,5,2,4,0,4,6,9,8,4,1,2,5,2,7,2,6,2,2,9,6,1,4,0,6,9,9,6,7,1,9,9,7,4,3,8,2,2,3,0,8,0,9,3,7,6,1,5,5,1,2,5,1,6,2,2,4
"363",1,"L2203","L",14,6,8,7,3,9,3,9,2,6,1,4,4,8,0,6,2,3,8,8,5,3,5,5,3,9,1,5,5,6,0,5,8,0,7,2,6,6,5,4,4,0,6,6,0,5,7,7,1,2,7,0,2,4,2,8,6,3
"373",1,"B2670","B",32,5,3,1,8,8,7,8,4,2,0,3,9,2,7,9,2,7,4,3,4,1,0,2,7,7,8,1,4,1,4,8,3,0,8,0,5,1,9,8,7,7,9,8,9,8,9,7,3,2,4,9,2,9,6,2,5,0
"195",1,"B6431","B",38,4,1,7,3,1,0,0,8,0,0,9,6,9,0,2,9,3,2,6,0,7,0,6,7,0,1,1,9,4,8,4,5,7,3,0,9,1,9,1,7,3,9,0,9,1,5,5,5,1,2,8,4,4,8,7,3,2
"201",1,"B6623","B",20,0,5,8,9,8,2,1,5,5,0,1,5,3,6,9,8,3,8,9,8,6,0,9,6,0,2,6,6,7,2,4,2,7,5,8,1,2,5,7,1,6,1,9,0,6,9,4,0,0,9,2,9,3,5,6,7,4
"378",1,"B5040","B",19,4,7,0,5,2,6,7,6,6,2,2,6,8,9,8,3,9,7,3,1,5,2,8,3,0,1,2,2,5,1,7,9,4,5,0,0,1,1,5,3,8,3,0,4,7,0,0,2,8,7,1,2,3,2,4,6,1
"17",1,"B0693","B",2,8,3,3,1,9,3,0,8,7,3,7,2,1,0,6,0,8,4,3,9,2,7,4,1,9,9,5,9,9,4,6,1,0,1,9,0,9,1,8,7,7,5,8,4,7,4,1,6,7,4,6,4,5,5,2,8,2
"212",1,"B6932","B",34,8,3,1,0,2,5,1,7,7,9,4,3,5,4,9,3,4,9,8,6,7,6,9,1,2,3,9,5,3,9,5,3,1,8,7,2,3,2,7,6,6,4,2,7,7,5,9,7,9,4,9,8,0,5,6,8,5
"127",1,"B4265","B",10,3,4,7,7,9,9,2,1,5,2,6,1,5,9,1,1,4,6,9,1,7,2,3,7,5,6,6,5,6,1,0,4,8,9,1,5,7,4,4,9,0,1,0,2,8,7,1,4,4,4,4,6,8,2,5,6,2
"133",1,"B4445","B",0,2,6,9,4,3,8,4,3,2,6,4,5,2,7,5,4,5,3,9,8,8,4,8,1,8,4,7,1,5,0,1,4,4,7,0,4,2,9,1,5,6,5,8,9,2,5,7,8,7,1,5,0,9,5,6,6,2
"41",1,"B1399","B",21,8,7,1,9,5,7,3,9,8,0,1,5,3,9,9,8,9,6,2,0,7,0,3,2,0,8,7,2,6,9,6,3,6,5,9,0,0,5,4,5,5,6,2,1,2,2,9,2,8,3,6,1,0,1,8,4,1
"286",1,"B9584","B",2,4,5,3,9,7,0,2,1,6,3,4,2,7,0,1,7,1,5,1,2,6,6,6,6,8,1,9,9,8,0,7,6,1,8,9,5,1,6,5,9,2,0,0,6,8,2,6,5,6,6,0,5,6,8,3,1,8
"336",1,"L1285","L",10,4,0,5,6,2,0,6,9,7,3,9,8,5,7,2,5,9,3,5,2,0,6,1,6,1,4,3,9,3,2,7,6,1,7,6,8,6,2,3,2,0,3,0,2,4,6,8,2,9,2,0,4,2,0,4,1,0
"159",1,"B5397","B",46,1,2,8,0,6,6,5,4,7,6,0,4,1,7,5,4,9,5,1,5,2,3,5,2,6,0,8,9,1,7,5,3,2,8,0,5,7,3,6,8,5,9,4,0,2,8,8,1,2,2,3,8,2,9,0,1,8
"117",1,"B4057","B",17,9,2,5,3,0,0,2,9,2,0,4,4,2,6,4,4,7,2,4,2,7,3,7,9,0,7,8,4,2,6,5,6,8,6,8,2,1,8,0,1,3,3,6,0,2,8,8,8,0,9,6,4,7,6,9,9,6
"72",1,"B2332","B",40,4,5,6,7,6,5,1,2,6,0,9,6,7,3,4,0,2,9,1,2,6,1,5,2,5,6,0,8,6,3,2,0,3,9,1,6,6,1,9,5,8,4,5,9,9,7,8,1,3,0,5,0,0,9,1,4,4
"36",1,"B1258","B",4,0,5,0,2,6,5,1,3,4,5,3,9,5,0,7,5,0,7,0,1,0,9,8,4,9,1,8,0,3,0,0,7,1,0,9,5,6,7,1,9,7,8,2,2,5,8,5,4,4,6,9,1,6,9,3,5,7
"291",1,"B9705","B",8,1,3,5,8,4,9,2,4,8,7,0,8,6,7,6,0,6,6,7,4,3,8,2,8,4,6,7,0,1,0,9,8,5,9,9,9,3,9,0,0,8,8,8,5,1,4,6,5,1,6,2,9,3,2,0,7,3
"235",1,"B7718","B",49,6,0,8,8,6,9,6,7,9,2,2,4,7,2,3,3,0,8,3,4,1,3,4,4,9,4,1,2,6,9,6,8,2,6,7,2,3,6,6,7,6,1,3,3,5,6,8,5,1,7,0,4,8,9,5,5,6
"157",1,"B5314","B",18,5,0,4,5,2,8,3,3,5,0,4,2,0,9,7,6,8,7,5,5,5,0,2,2,0,4,1,6,9,3,4,1,2,5,5,8,2,6,3,8,3,9,8,7,6,2,1,4,6,6,1,4,2,3,7,5,9
"391",1,"B2066","B",31,1,2,9,1,8,2,7,7,6,0,3,6,5,7,3,8,3,7,5,4,7,8,1,7,4,7,2,3,9,5,1,7,9,3,9,6,2,1,2,9,4,3,0,0,8,0,8,6,2,3,0,7,5,7,0,9,5
"325",1,"L0854","L",6,9,1,4,1,3,4,6,9,3,5,3,7,1,1,7,9,2,6,0,1,5,1,6,6,4,9,8,2,0,5,2,3,8,7,1,2,8,9,0,3,1,1,4,8,6,4,5,9,4,6,6,2,2,8,9,6,2
"317",1,"L0590","L",47,2,3,1,3,5,4,1,9,1,9,3,2,0,0,8,8,9,4,7,8,3,5,3,4,2,3,7,8,4,5,7,5,4,6,8,6,1,8,7,9,9,5,3,8,4,9,1,9,0,9,2,2,9,3,2,7,6
"281",1,"B9318","B",6,6,4,6,2,6,2,4,7,6,1,8,4,4,2,7,0,8,0,2,8,0,8,3,8,4,2,4,5,8,9,7,8,2,4,0,7,2,7,5,5,5,0,0,2,9,7,6,8,1,3,4,4,6,6,8,5,4
"238",1,"B7765","B",6,8,7,0,8,3,3,2,4,1,9,3,5,6,0,9,2,8,2,6,4,4,0,2,4,5,3,5,0,3,2,0,1,2,7,1,4,8,4,8,4,4,4,3,7,5,7,8,8,4,4,5,4,4,1,0,2,8
"106",1,"B3532","B",28,1,3,6,4,2,3,1,6,3,3,3,8,2,9,3,3,5,8,5,9,9,7,9,5,3,9,2,1,0,9,0,3,5,1,8,1,4,6,6,1,2,1,7,4,1,5,3,2,9,1,1,0,5,8,9,2,0
"185",1,"B6095","B",35,6,6,5,3,2,1,0,7,2,9,0,3,8,2,6,3,4,5,5,9,0,1,0,7,1,3,3,2,6,6,8,8,5,3,7,4,8,9,8,8,4,9,2,5,5,8,2,2,4,2,9,6,0,6,4,3,6
"88",1,"B2771","B",23,2,8,5,3,1,3,5,5,9,0,2,1,8,2,2,6,8,6,4,6,7,0,0,3,7,8,3,1,9,2,7,4,9,7,0,6,7,1,3,3,9,2,6,1,6,5,2,5,2,7,3,6,6,3,2,1,4
"231",1,"B7648","B",43,7,9,6,9,3,7,9,3,4,4,9,2,2,6,6,4,1,6,3,6,8,2,0,6,0,2,3,7,5,8,0,2,0,3,0,0,8,0,3,0,7,6,9,4,7,7,9,8,9,7,4,6,9,5,6,8,5
"222",1,"B7196","B",45,6,5,6,5,2,0,3,8,8,7,1,8,6,0,6,6,8,5,2,4,7,2,3,2,5,6,8,5,7,0,7,3,5,6,3,9,1,2,8,3,4,2,0,1,9,1,9,5,1,0,3,7,7,2,8,8,1
"306",1,"L0266","L",30,4,6,6,3,9,3,8,5,8,8,3,3,1,2,9,0,8,0,3,2,7,5,2,9,7,1,5,2,5,1,3,1,8,6,2,6,0,0,2,6,0,3,5,6,0,2,7,6,4,4,7,7,3,1,3,6,9
"240",1,"B7778","B",13,5,2,5,5,7,0,9,5,8,9,1,4,3,8,6,0,9,7,5,6,7,0,1,4,4,8,2,4,1,8,4,1,2,1,8,0,7,4,7,8,5,1,6,0,8,7,0,0,4,6,6,5,6,4,4,0,0
"50",1,"B1654","B",27,7,7,6,7,8,7,2,8,9,2,8,6,1,0,0,0,5,4,4,6,2,0,3,3,1,6,2,3,9,9,9,4,4,1,8,0,7,3,8,2,4,6,3,3,1,3,0,2,3,7,3,1,2,7,6,2,7
"80",1,"B2570","B",27,1,6,0,7,8,9,3,8,0,1,0,9,7,8,7,2,5,9,9,0,2,0,3,7,9,3,0,1,4,8,2,7,5,3,8,3,6,8,1,6,7,3,6,3,5,2,4,9,2,9,4,6,1,6,8,1,7
"30",1,"B1141","B",2,5,3,8,6,2,8,8,1,5,3,0,5,6,7,8,9,6,2,4,8,2,6,7,5,5,0,4,2,3,6,9,6,9,0,1,7,2,8,1,7,9,5,4,2,3,0,5,6,7,6,5,4,5,0,7,6,4
"93",1,"B2834","B",16,3,5,4,8,4,8,7,1,3,7,8,0,6,2,3,1,4,5,7,7,6,3,5,6,5,0,9,2,7,9,6,0,0,3,0,3,4,4,5,9,0,9,1,3,4,5,9,7,5,7,8,2,2,0,5,4,6
"244",1,"B7831","B",37,7,7,1,6,3,3,4,1,9,6,8,1,3,0,8,5,7,1,1,3,1,8,5,7,8,4,9,6,5,6,6,3,3,1,7,3,2,4,6,7,4,4,6,0,3,7,5,6,3,6,9,0,8,3,6,7,4
"367",1,"B8023","B",29,7,5,6,8,6,7,2,5,9,1,0,9,7,7,7,5,8,5,7,2,7,3,5,9,7,2,0,2,6,9,2,9,6,2,3,9,1,0,1,8,4,8,3,2,2,3,9,8,2,4,6,2,1,4,2,1,6
"250",1,"B8090","B",25,4,7,8,8,1,6,4,5,8,4,6,4,5,7,0,7,2,7,4,7,9,9,6,1,7,5,2,6,9,8,5,7,0,3,7,6,9,3,9,2,7,4,6,0,2,6,0,2,6,9,4,8,3,7,3,2,4
"322",1,"L0797","L",38,1,3,6,4,0,6,6,4,2,7,9,3,4,7,4,2,4,6,5,8,3,8,0,8,5,3,4,8,9,8,3,5,2,0,3,4,0,3,8,0,8,4,8,7,3,9,7,3,8,3,8,2,6,3,7,9,4
"164",1,"B5470","B",47,8,0,0,1,3,9,3,8,4,1,8,7,0,0,9,1,1,0,5,3,9,8,6,4,4,0,1,1,0,6,8,2,3,0,8,9,9,8,2,4,0,1,5,1,0,8,9,8,4,5,7,2,1,8,0,6,5
"168",1,"B5575","B",8,5,8,6,5,2,3,3,1,9,3,7,0,7,2,5,0,5,0,3,7,0,9,0,3,6,6,7,4,7,2,6,4,2,9,7,1,8,9,8,4,4,4,0,1,8,2,9,2,4,3,0,5,9,3,4,4,6
